Date,Traffic_Volume
01-01-2024,27745
02-01-2024,26878
03-01-2024,28143
04-01-2024,29542
05-01-2024,26992
06-01-2024,17078
07-01-2024,19884
08-01-2024,28752
09-01-2024,26982
10-01-2024,28585
11-01-2024,27161
12-01-2024,27242
13-01-2024,18388
14-01-2024,15239
15-01-2024,25605
16-01-2024,27433
17-01-2024,26840
18-01-2024,28913
19-01-2024,27162
20-01-2024,16487
21-01-2024,20886
22-01-2024,28429
23-01-2024,28949
24-01-2024,26791
25-01-2024,28190
26-01-2024,29252
27-01-2024,17437
28-01-2024,19804
29-01-2024,28416
30-01-2024,28956
31-01-2024,28566
01-02-2024,32321
02-02-2024,29596
03-02-2024,18103
04-02-2024,20995
05-02-2024,28002
06-02-2024,30217
07-02-2024,27034
08-02-2024,28050
09-02-2024,30405
10-02-2024,21284
11-02-2024,20500
12-02-2024,30134
13-02-2024,29920
14-02-2024,28217
15-02-2024,29417
16-02-2024,29867
17-02-2024,22203
18-02-2024,21192
19-02-2024,28090
20-02-2024,31277
21-02-2024,30269
22-02-2024,29886
23-02-2024,31872
24-02-2024,22553
25-02-2024,22454
26-02-2024,29848
27-02-2024,30692
28-02-2024,31699
29-02-2024,32712
01-03-2024,30575
02-03-2024,21058
03-03-2024,19719
04-03-2024,29626
05-03-2024,32678
06-03-2024,33532
07-03-2024,31427
08-03-2024,33075
09-03-2024,22147
10-03-2024,20670
11-03-2024,32211
12-03-2024,34006
13-03-2024,31674
14-03-2024,34102
15-03-2024,27851
16-03-2024,23038
17-03-2024,21959
18-03-2024,31401
19-03-2024,32008
20-03-2024,28907
21-03-2024,31577
22-03-2024,32458
23-03-2024,24153
24-03-2024,21172
25-03-2024,30748
26-03-2024,31218
27-03-2024,33352
28-03-2024,32479
29-03-2024,31197
30-03-2024,22766
31-03-2024,22144
01-04-2024,33452
02-04-2024,30946
03-04-2024,31506
04-04-2024,31406
05-04-2024,29794
06-04-2024,22427
07-04-2024,22367
08-04-2024,31973
09-04-2024,31603
10-04-2024,29820
11-04-2024,31298
12-04-2024,31400
13-04-2024,20694
14-04-2024,21638
15-04-2024,32466
16-04-2024,34668
17-04-2024,32079
18-04-2024,32179
19-04-2024,31656
20-04-2024,18863
21-04-2024,21674
22-04-2024,31774
23-04-2024,35348
24-04-2024,31332
25-04-2024,32040
26-04-2024,31500
27-04-2024,19763
28-04-2024,23193
29-04-2024,32568
30-04-2024,32586
01-05-2024,29994
02-05-2024,33419
03-05-2024,29168
04-05-2024,22106
05-05-2024,24465
06-05-2024,29645
07-05-2024,30233
08-05-2024,31181
09-05-2024,30225
10-05-2024,28602
11-05-2024,20977
12-05-2024,19225
13-05-2024,31473
14-05-2024,29326
15-05-2024,32972
16-05-2024,29413
17-05-2024,30044
18-05-2024,21686
19-05-2024,18557
20-05-2024,30681
21-05-2024,32236
22-05-2024,27799
23-05-2024,30420
24-05-2024,30466
25-05-2024,21180
26-05-2024,18083
27-05-2024,27888
28-05-2024,30580
29-05-2024,30171
30-05-2024,30029
31-05-2024,30099
01-06-2024,18486
02-06-2024,19779
03-06-2024,29795
04-06-2024,28208
05-06-2024,32001
06-06-2024,29835
07-06-2024,27259
08-06-2024,19952
09-06-2024,17426
10-06-2024,29989
11-06-2024,30465
12-06-2024,27416
13-06-2024,30010
14-06-2024,29102
15-06-2024,19634
16-06-2024,21163
17-06-2024,27867
18-06-2024,27020
19-06-2024,26733
20-06-2024,26759
21-06-2024,27783
22-06-2024,18325
23-06-2024,18144
24-06-2024,28884
25-06-2024,27577
26-06-2024,29652
27-06-2024,26989
28-06-2024,31381
29-06-2024,18153
30-06-2024,15843
01-07-2024,25436
02-07-2024,27680
03-07-2024,26535
04-07-2024,27855
05-07-2024,27408
06-07-2024,16503
07-07-2024,15257
08-07-2024,24169
09-07-2024,25686
10-07-2024,27555
11-07-2024,26507
12-07-2024,24232
13-07-2024,16276
14-07-2024,16510
15-07-2024,24522
16-07-2024,25995
17-07-2024,25768
18-07-2024,23884
19-07-2024,26053
20-07-2024,16275
21-07-2024,16977
22-07-2024,26852
23-07-2024,23124
24-07-2024,23704
25-07-2024,25804
26-07-2024,25723
27-07-2024,15647
28-07-2024,20576
29-07-2024,25576
30-07-2024,26347
31-07-2024,25999
01-08-2024,25470
02-08-2024,23946
03-08-2024,15484
04-08-2024,13114
05-08-2024,23846
06-08-2024,23403
07-08-2024,24183
08-08-2024,27463
09-08-2024,21122
10-08-2024,14885
11-08-2024,11370
12-08-2024,23016
13-08-2024,25293
14-08-2024,23692
15-08-2024,21916
16-08-2024,22399
17-08-2024,14431
18-08-2024,12256
19-08-2024,23618
20-08-2024,23305
21-08-2024,22203
22-08-2024,26341
23-08-2024,24022
24-08-2024,9981
25-08-2024,13247
26-08-2024,21924
27-08-2024,24146
28-08-2024,21631
29-08-2024,22601
30-08-2024,23485
31-08-2024,13982
01-09-2024,10841
02-09-2024,22098
03-09-2024,21847
04-09-2024,21540
05-09-2024,25131
06-09-2024,23054
07-09-2024,10520
08-09-2024,13755
09-09-2024,25529
10-09-2024,23864
11-09-2024,20007
12-09-2024,21531
13-09-2024,24131
14-09-2024,11144
15-09-2024,12848
16-09-2024,23322
17-09-2024,20749
18-09-2024,22030
19-09-2024,17240
20-09-2024,20548
21-09-2024,11691
22-09-2024,10184
23-09-2024,24493
24-09-2024,19888
25-09-2024,21364
26-09-2024,22212
27-09-2024,24172
28-09-2024,9851
29-09-2024,13747
30-09-2024,22015
01-10-2024,20527
02-10-2024,22694
03-10-2024,22302
04-10-2024,21107
05-10-2024,12118
06-10-2024,11442
07-10-2024,22199
08-10-2024,23032
09-10-2024,24429
10-10-2024,20206
11-10-2024,25277
12-10-2024,9165
13-10-2024,11883
14-10-2024,23011
15-10-2024,22571
16-10-2024,21237
17-10-2024,21882
18-10-2024,21479
19-10-2024,11360
20-10-2024,13546
21-10-2024,22836
22-10-2024,21291
23-10-2024,23711
24-10-2024,22856
25-10-2024,23648
26-10-2024,13409
27-10-2024,11258
28-10-2024,21699
29-10-2024,23700
30-10-2024,23536
31-10-2024,22631
01-11-2024,22882
02-11-2024,14667
03-11-2024,11909
04-11-2024,23664
05-11-2024,22589
06-11-2024,22615
07-11-2024,24641
08-11-2024,24283
09-11-2024,14318
10-11-2024,15111
11-11-2024,23239
12-11-2024,24288
13-11-2024,22857
14-11-2024,23868
15-11-2024,23246
16-11-2024,13648
17-11-2024,14457
18-11-2024,22400
19-11-2024,26830
20-11-2024,22247
21-11-2024,22001
22-11-2024,25626
23-11-2024,15145
24-11-2024,14962
25-11-2024,25038
26-11-2024,24148
27-11-2024,22891
28-11-2024,24423
29-11-2024,23367
30-11-2024,15919
01-12-2024,14310
02-12-2024,23368
03-12-2024,24200
04-12-2024,25378
05-12-2024,23990
06-12-2024,23680
07-12-2024,15358
08-12-2024,15439
09-12-2024,24390
10-12-2024,24525
11-12-2024,25660
12-12-2024,23221
13-12-2024,23364
14-12-2024,14479
15-12-2024,15320
16-12-2024,26189
17-12-2024,28019
18-12-2024,27176
19-12-2024,25734
20-12-2024,26030
21-12-2024,14639
22-12-2024,16200
23-12-2024,25880
24-12-2024,26883
25-12-2024,25243
26-12-2024,27349
27-12-2024,28955
28-12-2024,16578
29-12-2024,17430
30-12-2024,27949
31-12-2024,26398
